Unnamed,Rank,Title,ImdbId,Avg,Score
0,1,The Godfather,tt0068646,9.2,6
1,2,The Godfather: Part II,tt0071562,9.0,6
2,3,Psycho,tt0054215,8.5,6
3,4,Apocalypse Now,tt0078788,8.5,6
4,5,Citizen Kane,tt0033467,8.4,6
5,6,Some Like It Hot,tt0053291,8.3,6
6,7,The Searchers,tt0049730,8.0,6
7,8,Pulp Fiction,tt0110912,8.9,5
8,9,Star Wars: Episode IV - A New Hope,tt0076759,8.7,5
9,10,Goodfellas,tt0099685,8.7,5
10,11,Casablanca,tt0034583,8.6,5
11,12,Raiders of the Lost Ark,tt0082971,8.5,5
12,13,Dr. Strangelove or: How I Learned to Stop Worrying and Love the Bomb,tt0057012,8.5,5
13,14,Vertigo,tt0052357,8.4,5
14,15,North by Northwest,tt0053125,8.4,5
15,16,Double Indemnity,tt0036775,8.4,5
16,17,The Apartment,tt0053604,8.3,5
17,18,Taxi Driver,tt0075314,8.3,5
18,19,Singin' in the Rain,tt0045152,8.3,5
19,20,Gone with the Wind,tt0031381,8.2,5
20,21,Chinatown,tt0071315,8.2,5
21,22,The Wizard of Oz,tt0032138,8.1,5
22,23,Butch Cassidy and the Sundance Kid,tt0064115,8.1,5
23,24,Annie Hall,tt0075686,8.1,5
24,25,The Wild Bunch,tt0065214,8.0,5
25,26,The Graduate,tt0061722,8.0,5
26,27,E.T. the Extra-Terrestrial,tt0083866,7.9,5
27,28,Schindler's List,tt0108052,8.9,4
28,29,Forrest Gump,tt0109830,8.8,4
29,30,One Flew Over the Cuckoo's Nest,tt0073486,8.7,4
30,31,The Silence of the Lambs,tt0102926,8.6,4
31,32,It's a Wonderful Life,tt0038650,8.6,4
32,33,City Lights,tt0021749,8.6,4
33,34,Sunset Blvd.,tt0043014,8.5,4
34,35,Rear Window,tt0047396,8.5,4
35,36,To Kill a Mockingbird,tt0056592,8.4,4
36,37,Lawrence of Arabia,tt0056172,8.4,4
37,38,A Clockwork Orange,tt0066921,8.4,4
38,39,Unforgiven,tt0105695,8.3,4
39,40,The Treasure of the Sierra Madre,tt0040897,8.3,4
40,41,Raging Bull,tt0081398,8.3,4
41,42,All About Eve,tt0042192,8.3,4
42,43,2001: A Space Odyssey,tt0062622,8.3,4
43,44,The Deer Hunter,tt0077416,8.2,4
44,45,The Bridge on the River Kwai,tt0050212,8.2,4
45,46,On the Waterfront,tt0047296,8.2,4
46,47,It Happened One Night,tt0025316,8.2,4
47,48,The Philadelphia Story,tt0032904,8.1,4
48,49,The Maltese Falcon,tt0033870,8.1,4
49,50,The Grapes of Wrath,tt0032551,8.1,4
50,51,The Best Years of Our Lives,tt0036868,8.1,4
51,52,Rocky,tt0075148,8.1,4
52,53,Network,tt0074958,8.1,4
53,54,King Kong,tt0024216,8.0,4
54,55,Jaws,tt0073195,8.0,4
55,56,High Noon,tt0044706,8.0,4
56,57,Duck Soup,tt0023969,8.0,4
57,58,Bringing Up Baby,tt0029947,8.0,4
58,59,The African Queen,tt0043265,7.9,4
59,60,Midnight Cowboy,tt0064665,7.9,4
60,61,Bonnie and Clyde,tt0061418,7.9,4
61,62,The French Connection,tt0067116,7.8,4
62,63,MASH,tt0066026,7.6,4
63,64,Tootsie,tt0084805,7.4,4
64,65,Easy Rider,tt0064276,7.4,4
65,66,The Lord of the Rings: The Fellowship of the Ring,tt0120737,8.8,3
66,67,Modern Times,tt0027977,8.6,3
67,68,Back to the Future,tt0088763,8.5,3
68,69,The Passion of Joan of Arc,tt0019254,8.4,3
69,70,Pather Panchali,tt0048473,8.4,3
70,71,Andrei Rublev,tt0060107,8.4,3
71,72,Tokyo Story,tt0046438,8.3,3
72,73,The Third Man,tt0041959,8.3,3
73,74,Sunrise,tt0018455,8.3,3
74,75,Rashomon,tt0042876,8.3,3
75,76,Metropolis,tt0017136,8.3,3
76,77,Amadeus,tt0086879,8.3,3
77,78,The Gold Rush,tt0015864,8.2,3
78,79,The General,tt0017925,8.2,3
79,80,Mr. Smith Goes to Washington,tt0031679,8.2,3
80,81,Fargo,tt0116282,8.2,3
81,82,Blade Runner,tt0083658,8.2,3
82,83,The Sixth Sense,tt0167404,8.1,3
83,84,The Rules of the Game,tt0031885,8.1,3
84,85,The Princess Bride,tt0093779,8.1,3
85,86,Sullivan's Travels,tt0034240,8.1,3
86,87,Platoon,tt0091763,8.1,3
87,88,La Dolce Vita,tt0053779,8.1,3
88,89,In the Mood for Love,tt0118694,8.1,3
89,90,Groundhog Day,tt0107048,8.1,3
90,91,Ben-Hur,tt0052618,8.1,3
91,92,8 1/2,tt0056801,8.1,3
92,93,The Sound of Music,tt0059742,8.0,3
93,94,Patton,tt0066206,8.0,3
94,95,Mulholland Dr.,tt1619856,8.0,3
95,96,His Girl Friday,tt0032599,8.0,3
96,97,Harold and Maude,tt0067185,8.0,3
97,98,Hannah and Her Sisters,tt0091167,8.0,3
98,99,Doctor Zhivago,tt0059113,8.0,3
99,100,Breathless,tt0053472,8.0,3
100,101,Battleship Potemkin,tt0015648,8.0,3
101,102,All the President's Men,tt0074119,8.0,3
102,103,A Streetcar Named Desire,tt0044081,8.0,3
103,104,L'Atalante,tt0024844,7.9,3
104,105,Do the Right Thing,tt0097216,7.9,3
105,106,Yankee Doodle Dandy,tt0035575,7.8,3
106,107,Snow White and the Seven Dwarfs,tt0029583,7.7,3
107,108,Shane,tt0046303,7.7,3
108,109,Close Encounters of the Third Kind,tt0075860,7.7,3
109,110,When Harry Met Sally...,tt0098635,7.6,3
110,111,West Side Story,tt0055614,7.6,3
111,112,American Graffiti,tt0069704,7.5,3
112,113,Journey to Italy,tt0046511,7.4,3
113,114,The Lord of the Rings: The Return of the King,tt0167260,8.9,2
114,115,12 Angry Men,tt0050083,8.9,2
115,116,The Matrix,tt0133093,8.7,2
116,117,The Lord of the Rings: The Two Towers,tt0167261,8.7,2
117,118,Seven Samurai,tt0047478,8.7,2
118,119,City of God,tt0317248,8.7,2
119,120,The Usual Suspects,tt0114814,8.6,2
120,121,Spirited Away,tt0245429,8.6,2
121,122,Saving Private Ryan,tt0120815,8.6,2
122,123,Satantango,tt0111341,8.6,2
123,124,Once Upon a Time in the West,tt0064116,8.6,2
124,125,Terminator 2: Judgment Day,tt0103064,8.5,2
125,126,Paths of Glory,tt0050825,8.5,2
126,127,Memento,tt0209144,8.5,2
127,128,Gladiator,tt0172495,8.5,2
128,129,Alien,tt0078748,8.5,2
129,130,WALLáE,tt0910970,8.4,2
130,131,The Shining,tt0081505,8.4,2
131,132,Shoah,tt0090015,8.4,2
132,133,Man with a Movie Camera,tt0019760,8.4,2
133,134,La JetŽe,tt0056119,8.4,2
134,135,American Beauty,tt0169547,8.4,2
135,136,Toy Story,tt0114709,8.3,2
136,137,The Sting,tt0070735,8.3,2
137,138,Ran,tt0089881,8.3,2
138,139,L.A. Confidential,tt0119488,8.3,2
139,140,Full Metal Jacket,tt0093058,8.3,2
140,141,Close-Up,tt0100234,8.3,2
141,142,Bicycle Thieves,tt0040522,8.3,2
142,143,Scarface,tt0086250,8.3,2
143,144,Wild Strawberries,tt0050986,8.2,2
144,145,Ugetsu,tt0046478,8.2,2
145,146,The Wages of Fear,tt0046268,8.2,2
146,147,The Mirror,tt0072443,8.2,2
147,148,The Big Lebowski,tt0118715,8.2,2
148,149,Sweet Smell of Success,tt0051036,8.2,2
149,150,Pan's Labyrinth,tt0457430,8.2,2
150,151,Kind Hearts and Coronets,tt0041546,8.2,2
151,152,Heat,tt0113277,8.2,2
152,153,Die Hard,tt0095016,8.2,2
153,154,Cool Hand Luke,tt0061512,8.2,2
154,155,Who's Afraid of Virginia Woolf?,tt0061184,8.1,2
155,156,Touch of Evil,tt0052311,8.1,2
156,157,There Will Be Blood,tt0469494,8.1,2
157,158,The Terminator,tt0088247,8.1,2
158,159,The Last Picture Show,tt0067328,8.1,2
159,160,The Conformist,tt0065571,8.1,2
160,161,The Cabinet of Dr. Caligari,tt0010323,8.1,2
161,162,The Battle of Algiers,tt0058946,8.1,2
162,163,The 400 Blows,tt0053198,8.1,2
163,164,Stalker,tt0079944,8.1,2
164,165,Stairway to Heaven,tt0038733,8.1,2
165,166,Solaris,tt0069293,8.1,2
166,167,"Rome, Open City",tt0038890,8.1,2
167,168,Roman Holiday,tt0046250,8.1,2
168,169,Persona,tt0060827,8.1,2
169,170,Ordet,tt0048452,8.1,2
170,171,My Night at Maud's,tt0064612,8.1,2
171,172,Life of Brian,tt0079470,8.1,2
172,173,La Grande Illusion,tt0028950,8.1,2
173,174,Diabolique,tt0046911,8.1,2
174,175,Brief Encounter,tt0037558,8.1,2
175,176,All Quiet on the Western Front,tt0020629,8.1,2
176,177,Akira,tt0094625,8.1,2
177,178,A Night at the Opera,tt0026778,8.1,2
178,179,This Is Spinal Tap,tt0088258,8.0,2
179,180,The Spirit of the Beehive,tt0070040,8.0,2
180,181,The Manchurian Candidate,tt0056218,8.0,2
181,182,The Lady Eve,tt0033804,8.0,2
182,183,The Hustler,tt0054997,8.0,2
183,184,The Exorcist,tt0070047,8.0,2
184,185,The Big Sleep,tt0038355,8.0,2
185,186,The Adventures of Robin Hood,tt0029843,8.0,2
186,187,Rosemary's Baby,tt0063522,8.0,2
187,188,Playtime,tt0062136,8.0,2
188,189,Planet of the Apes,tt0063442,8.0,2
189,190,Notorious,tt0038787,8.0,2
190,191,Nosferatu,tt0013442,8.0,2
191,192,Manhattan,tt0079522,8.0,2
192,193,Let the Right One In,tt1139797,8.0,2
193,194,L'Avventura,tt0053619,8.0,2
194,195,"Jeanne Dielman, 23 Commerce Quay, 1080 Brussels",tt0073198,8.0,2
195,196,Intolerance: Love's Struggle Throughout the Ages,tt0006864,8.0,2
196,197,In the Heat of the Night,tt0061811,8.0,2
197,198,Frankenstein,tt0021884,8.0,2
198,199,Dog Day Afternoon,tt0072890,8.0,2
199,200,Days of Heaven,tt0077405,8.0,2
200,201,Dances with Wolves,tt0099348,8.0,2
201,202,Crimes and Misdemeanors,tt0097123,8.0,2
202,203,Brazil,tt0088846,8.0,2
203,204,Being There,tt0078841,8.0,2
204,205,"Aguirre, the Wrath of God",tt0068182,8.0,2
205,206,The Gospel According to St. Matthew,tt0058715,7.9,2
206,207,The Conversation,tt0071360,7.9,2
207,208,The Bride of Frankenstein,tt0026138,7.9,2
208,209,Stagecoach,tt0031971,7.9,2
209,210,Spartacus,tt0054331,7.9,2
210,211,My Fair Lady,tt0058385,7.9,2
211,212,Jules and Jim,tt0055032,7.9,2
212,213,Halloween,tt0077651,7.9,2
213,214,Edward Scissorhands,tt0099487,7.9,2
214,215,"Crouching Tiger, Hidden Dragon",tt0190332,7.9,2
215,216,Cabaret,tt0068327,7.9,2
216,217,Breaking the Waves,tt0115751,7.9,2
217,218,Badlands,tt0069762,7.9,2
218,219,Au Hasard Balthazar,tt0060138,7.9,2
219,220,The White Ribbon,tt1149362,7.8,2
220,221,The Umbrellas of Cherbourg,tt0058450,7.8,2
221,222,Rebel Without a Cause,tt0048545,7.8,2
222,223,Peeping Tom,tt0054167,7.8,2
223,224,Ordinary People,tt0081283,7.8,2
224,225,Nashville,tt0073440,7.8,2
225,226,Mutiny on the Bounty,tt0026752,7.8,2
226,227,Lost in Translation,tt0335266,7.8,2
227,228,Ladykillers,tt0048281,7.8,2
228,229,Goldfinger,tt0058150,7.8,2
229,230,From Here to Eternity,tt0045793,7.8,2
230,231,Fantasia,tt0032455,7.8,2
231,232,Clerks,tt0109445,7.8,2
232,233,Being John Malkovich,tt0120601,7.8,2
233,234,Airplane!,tt0080339,7.8,2
234,235,A Place in the Sun,tt0043924,7.8,2
235,236,Wuthering Heights,tt0032145,7.7,2
236,237,Vampyr,tt0023649,7.7,2
237,238,Titanic,tt0120338,7.7,2
238,239,The Producers,tt0063462,7.7,2
239,240,Swing Time,tt0028333,7.7,2
240,241,Shame,*,7.7,2
241,242,Rushmore,tt0128445,7.7,2
242,243,Pierrot le Fou,tt0059592,7.7,2
243,244,Giant,tt0049261,7.7,2
244,245,Deliverance,tt0068473,7.7,2
245,246,Contempt,tt0057345,7.7,2
246,247,All That Heaven Allows,tt0047811,7.7,2
247,248,Adaptation.,tt0268126,7.7,2
248,249,The Wicker Man,tt0070917,7.6,2
249,250,The Thin Red Line,tt0120863,7.6,2
250,251,The Haunting,tt0057129,7.6,2
251,252,The Evil Dead,tt0083907,7.6,2
252,253,Gertrud,tt0058138,7.6,2
253,254,Dracula,tt0021814,7.6,2
254,255,An Affair to Remember,tt0050105,7.6,2
255,256,The Texas Chain Saw Massacre,tt0072271,7.5,2
256,257,Sideways,tt0375063,7.5,2
257,258,Get Carter,tt0067128,7.5,2
258,259,Field of Dreams,tt0097351,7.5,2
259,260,"Distant Voices, Still Lives",tt0095037,7.5,2
260,261,Thelma & Louise,tt0103074,7.4,2
261,262,Terms of Endearment,tt0086425,7.4,2
262,263,Shadows,tt0053270,7.4,2
263,264,Say Anything...,tt0098258,7.4,2
264,265,Point Blank,tt0062138,7.4,2
265,266,Carrie,tt0074285,7.4,2
266,267,A Room with a View,tt0091867,7.4,2
267,268,Ringu,tt0178868,7.3,2
268,269,Jerry Maguire,tt0116695,7.3,2
269,270,Don't Look Now,tt0069995,7.3,2
270,271,CachŽ,tt0387898,7.3,2
271,272,Borat: Cultural Learnings of America for Make Benefit Glorious Nation of Kazakhstan,tt0443453,7.3,2
272,273,The Jerk,tt0079367,7.2,2
273,274,Broadcast News,tt0092699,7.2,2
274,275,Audition,tt0235198,7.2,2
275,276,An American in Paris,tt0043278,7.2,2
276,277,Alphaville,tt0058898,7.2,2
277,278,There's Something About Mary,tt0129387,7.1,2
278,279,Moonstruck,tt0093565,7.1,2
279,280,The Jazz Singer,tt0018037,6.8,2
280,281,The Birth of a Nation,tt0004972,6.8,2
281,282,Les vampires,tt0006206,6.8,2
282,283,Clueless,tt0112697,6.8,2
283,284,The Postman Always Rings Twice,tt0082934,6.6,2
284,285,The Blair Witch Project,tt0185937,6.4,2
285,286,Dekalog,tt0092337,9.2,1
286,287,The Dark Knight,tt0468569,9.0,1
287,288,"The Good, the Bad and the Ugly",tt0060196,8.9,1
288,289,Star Wars: Episode V - The Empire Strikes Back,tt0080684,8.8,1
289,290,Inception,tt1375666,8.8,1
290,291,Fight Club,tt0137523,8.8,1
291,292,Senna,tt1424432,8.6,1
292,293,Se7en,tt0114369,8.6,1
293,294,Night and Fog,tt0048434,8.6,1
294,295,Woman in the Dunes,tt0058625,8.5,1
295,296,Whiplash,tt2582802,8.5,1
296,297,The Prestige,tt0482571,8.5,1
297,298,The Pianist,tt0253474,8.5,1
298,299,The Lives of Others,tt0405094,8.5,1
299,300,The Lion King,tt0110357,8.5,1
300,301,The Kingdom,tt0108906,8.5,1
301,302,The Great Dictator,tt0032553,8.5,1
302,303,The Departed,tt0407887,8.5,1
303,304,The Best of Youth,tt0346336,8.5,1
304,305,Le Trou,tt0054407,8.5,1
305,306,Grave of the Fireflies,tt0095327,8.5,1
306,307,Django Unchained,tt1853728,8.5,1
307,308,Cinema Paradiso,tt0095765,8.5,1
308,309,The Sorrow and the Pity,tt0066904,8.4,1
309,310,Star Wars: Episode VI - Return of the Jedi,tt0086190,8.4,1
310,311,Sansho the Bailiff,tt0047445,8.4,1
311,312,Reservoir Dogs,tt0105236,8.4,1
312,313,Requiem for a Dream,tt0180093,8.4,1
313,314,Princess Mononoke,tt0119698,8.4,1
314,315,Once Upon a Time in America,tt0087843,8.4,1
315,316,Oldboy,tt0364569,8.4,1
316,317,M,tt0022100,8.4,1
317,318,Das Boot,tt0082096,8.4,1
318,319,Children of Paradise,tt0037674,8.4,1
319,320,Braveheart,tt0112573,8.4,1
320,321,AmŽlie,tt0211915,8.4,1
321,322,Aliens,tt0090605,8.4,1
322,323,A Separation,tt1832382,8.4,1
323,324,A Brighter Summer Day,tt0101985,8.4,1
324,325,Y Tu Mama Tambien,tt3844424,8.3,1
325,326,Viridiana,tt0055601,8.3,1
326,327,Toy Story 3,tt0435761,8.3,1
327,328,The Young and the Damned,tt0042804,8.3,1
328,329,The Red Shoes,tt0040725,8.3,1
329,330,The Heiress,tt0041452,8.3,1
330,331,The Great Escape,tt0057115,8.3,1
331,332,The Given Word,tt0056322,8.3,1
332,333,The Big Parade,tt0015624,8.3,1
333,334,The Ascent,tt0075404,8.3,1
334,335,Sherlock Jr.,tt0015324,8.3,1
335,336,Rocco and His Brothers,tt0054248,8.3,1
336,337,Monty Python and the Holy Grail,tt0071853,8.3,1
337,338,Make Way for Tomorrow,tt0029192,8.3,1
338,339,Late Spring,tt0041154,8.3,1
339,340,Koyaanisqatsi,tt0085809,8.3,1
340,341,Inglourious Basterds,tt0361748,8.3,1
341,342,Ikiru,tt0044741,8.3,1
342,343,Hoop Dreams,tt0110057,8.3,1
343,344,Eternal Sunshine of the Spotless Mind,tt0338013,8.3,1
344,345,Downfall,tt0363163,8.3,1
345,346,Dilwale Dulhania Le Jayenge,tt0112870,8.3,1
346,347,Dersu Uzala,tt0071411,8.3,1
347,348,Come and See,tt0091251,8.3,1
348,349,An Autumn Afternoon,tt0056444,8.3,1
349,350,Z,tt0065234,8.2,1
350,351,Yol,tt0084934,8.2,1
351,352,White Heat,tt0042041,8.2,1
352,353,Umberto D.,tt0045274,8.2,1
353,354,Trouble in Paradise,tt0023622,8.2,1
354,355,Trainspotting,tt0117951,8.2,1
355,356,To Be or Not to Be,tt0035446,8.2,1
356,357,The World of Apu,tt0052572,8.2,1
357,358,The Wolf of Wall Street,tt0993846,8.2,1
358,359,The Thing,tt0084787,8.2,1
359,360,The Seventh Seal,tt0050976,8.2,1
360,361,The Mother and the Whore,tt0070359,8.2,1
361,362,The Life and Death of Colonel Blimp,tt0036112,8.2,1
362,363,The Exterminating Angel,tt0056732,8.2,1
363,364,The Elephant Man,tt0080678,8.2,1
364,365,The Cranes Are Flying,tt0050634,8.2,1
365,366,The Cow,tt0064356,8.2,1
366,367,The Act of Killing,tt2375605,8.2,1
367,368,Sans Soleil,tt0084628,8.2,1
368,369,Rebecca,tt0032976,8.2,1
369,370,Raise the Red Lantern,tt0101640,8.2,1
370,371,Nights of Cabiria,tt0050783,8.2,1
371,372,Marketa Lazarov‡,tt0063278,8.2,1
372,373,"Lock, Stock and Two Smoking Barrels",tt0120735,8.2,1
373,374,Into the Wild,tt0758758,8.2,1
374,375,Hearts of Darkness: A Filmmaker's Apocalypse,tt0102015,8.2,1
375,376,Fitzcarraldo,tt0083946,8.2,1
376,377,Deewaar,tt0072860,8.2,1
377,378,Cries & Whispers,tt0069467,8.2,1
378,379,Casino,tt0112641,8.2,1
379,380,Aparajito,tt0048956,8.2,1
380,381,Ace in the Hole,tt0043338,8.2,1
381,382,A Woman Under the Influence,tt0072417,8.2,1
382,383,A Trip to the Moon,tt0000417,8.2,1
383,384,A Man Escaped,tt0049902,8.2,1
384,385,Young Frankenstein,tt0072431,8.1,1
385,386,Yi Yi,tt0244316,8.1,1
386,387,Woodstock,tt0066580,8.1,1
387,388,Winter Light,tt0057358,8.1,1
388,389,Wings of Desire,tt0093191,8.1,1
389,390,What Ever Happened to Baby Jane?,tt0056687,8.1,1
390,391,Underground,tt0114787,8.1,1
391,392,Through a Glass Darkly,tt0055499,8.1,1
392,393,Throne of Blood,tt0050613,8.1,1
393,394,Three Colors: Red,tt0111495,8.1,1
394,395,The War Game,tt0059894,8.1,1
395,396,The Thin Man,tt0025878,8.1,1
396,397,The Thin Blue Line,tt0096257,8.1,1
397,398,The Shop on Main Street,tt0059527,8.1,1
398,399,The Phantom Carriage,tt0012364,8.1,1
399,400,The Ox-Bow Incident,tt0036244,8.1,1
400,401,The Night of the Hunter,tt0048424,8.1,1
401,402,The Music Room,tt0051792,8.1,1
402,403,The Man Who Shot Liberty Valance,tt0056217,8.1,1
403,404,The Lion in Winter,tt0063227,8.1,1
404,405,The Leopard,tt0057091,8.1,1
405,406,The Last Laugh,tt0015064,8.1,1
406,407,The Great White Silence,tt1764657,8.1,1
407,408,The Grand Budapest Hotel,tt2278388,8.1,1
408,409,The Earrings of Madame de...,tt0046022,8.1,1
409,410,The Cloud-Capped Star,tt0054073,8.1,1
410,411,The Celebration,tt0154420,8.1,1
411,412,The Burmese Harp,tt0049012,8.1,1
412,413,The Bourne Ultimatum,tt0440963,8.1,1
413,414,Strangers on a Train,tt0044079,8.1,1
414,415,Stand by Me,tt0092005,8.1,1
415,416,Sleuth,tt0069281,8.1,1
416,417,Shadows of Forgotten Ancestors,tt0058642,8.1,1
417,418,"Paris, Texas",tt0087884,8.1,1
418,419,Out of the Past,tt0039689,8.1,1
419,420,Orpheus,tt0041719,8.1,1
420,421,Olympia Part One: Festival of the Nations,tt0030522,8.1,1
421,422,"Now, Voyager",tt0035140,8.1,1
422,423,No Country for Old Men,tt0477348,8.1,1
423,424,My Man Godfrey,tt0028010,8.1,1
424,425,My Life to Live,tt0056663,8.1,1
425,426,Mother India,tt0050188,8.1,1
426,427,Million Dollar Baby,tt0405159,8.1,1
427,428,Le Samoura_¯,tt0062229,8.1,1
428,429,Laura,tt0037008,8.1,1
429,430,La Strada,tt0047528,8.1,1
430,431,Kill Bill: Vol. 1,tt0266697,8.1,1
431,432,Jurassic Park,tt0107290,8.1,1
432,433,I Am a Fugitive from a Chain Gang,tt0023042,8.1,1
433,434,Guardians of the Galaxy,tt2015381,8.1,1
434,435,Gold Diggers of 1933,tt0024069,8.1,1
435,436,Gandhi,tt0083987,8.1,1
436,437,Farewell My Concubine,tt0106332,8.1,1
437,438,Fanny and Alexander,tt0083922,8.1,1
438,439,Dodsworth,tt0027532,8.1,1
439,440,Day for Night,tt0070460,8.1,1
440,441,Cria Cuervos,tt0074360,8.1,1
441,442,Citizenfour,tt4044364,8.1,1
442,443,Chungking Express,tt0109424,8.1,1
443,444,Before Sunrise,tt0112471,8.1,1
444,445,Barry Lyndon,tt0072684,8.1,1
445,446,Au Revoir Les Enfants,tt0092593,8.1,1
446,447,Anatomy of a Murder,tt0052561,8.1,1
447,448,Amores Perros,tt0245712,8.1,1
448,449,Ali: Fear Eats the Soul,tt0071141,8.1,1
449,450,A City of Sadness,tt0096908,8.1,1
450,451,A Christmas Story,tt0085334,8.1,1
451,452,12 Years a Slave,tt2024544,8.1,1
452,453,3-Iron,tt0423866,8.1,1
453,454,Tokyo Olympiad,tt0059817,8.0,1
454,455,To Have and Have Not,tt0037382,8.0,1
455,456,Three Colors: Blue,tt0108394,8.0,1
456,457,The Tree of Wooden Clogs,tt0077138,8.0,1
457,458,The Travelling Players,tt0073800,8.0,1
458,459,The Servant,tt0057490,8.0,1
459,460,The Saragossa Manuscript,tt0059643,8.0,1
460,461,The Lost Weekend,tt0037884,8.0,1
461,462,The Lady Vanishes,tt0030341,8.0,1
462,463,The King's Speech,tt1504320,8.0,1
463,464,The Killing,tt0049406,8.0,1
464,465,The Incredibles,tt0317705,8.0,1
465,466,The House Is Black,tt0336693,8.0,1
466,467,The Diving Bell and the Butterfly,tt0401383,8.0,1
467,468,The Discreet Charm of the Bourgeoisie,tt0068361,8.0,1
468,469,The Crowd,tt0018806,8.0,1
469,470,The Big Heat,tt0045555,8.0,1
470,471,The Artist,tt1655442,8.0,1
471,472,Talk to Her,tt0287467,8.0,1
472,473,Stroszek,tt0075276,8.0,1
473,474,"Steamboat Bill, Jr.",tt0019421,8.0,1
474,475,Slumdog Millionaire,tt1010048,8.0,1
475,476,Shaun of the Dead,tt0365748,8.0,1
476,477,Shadow of a Doubt,tt0036342,8.0,1
477,478,Seven Chances,tt0016332,8.0,1
478,479,Secrets & Lies,tt0117589,8.0,1
479,480,Rope,tt0040746,8.0,1
480,481,Rio Bravo,tt0053221,8.0,1
481,482,Rain Man,tt0095953,8.0,1
482,483,Papillon,tt0070511,8.0,1
483,484,Pandora's Box,tt0018737,8.0,1
484,485,Onibaba,tt0058430,8.0,1
485,486,Olympia Part Two: Festival of Beauty,tt0030523,8.0,1
486,487,No Man's Land,tt0283509,8.0,1
487,488,Ninotchka,tt0031725,8.0,1
488,489,Night of the Living Dead,tt0063350,8.0,1
489,490,Mr. Deeds Goes to Town,tt0027996,8.0,1
490,491,Monsieur Verdoux,tt0039631,8.0,1
491,492,Mildred Pierce,tt0037913,8.0,1
492,493,Meshes of the Afternoon,tt0036154,8.0,1
493,494,Magnolia,tt0175880,8.0,1
494,495,Life of Pi,tt0454876,8.0,1
495,496,Letter from an Unknown Woman,tt0040536,8.0,1
496,497,Landscape in the Mist,tt0096288,8.0,1
497,498,La Notte,tt0054130,8.0,1
498,499,JFK,tt0102138,8.0,1
499,500,In a Lonely Place,tt0042593,8.0,1
500,501,Hiroshima Mon Amour,tt0052893,8.0,1
501,502,Head-On,tt0347048,8.0,1
502,503,Great Expectations,tt0038574,8.0,1
503,504,Freaks,tt0022913,8.0,1
504,505,District 9,tt1136608,8.0,1
505,506,Diary of a Country Priest,tt0042619,8.0,1
506,507,Dawn of the Dead,tt0077402,8.0,1
507,508,Dancer in the Dark,tt0168629,8.0,1
508,509,Crumb,tt0109508,8.0,1
509,510,Cleo from 5 to 7,tt0055852,8.0,1
510,511,Chimes at Midnight,tt0059012,8.0,1
511,512,Captains Courageous,tt0028691,8.0,1
512,513,Bowling for Columbine,tt0310793,8.0,1
513,514,Black Swan,tt0947798,8.0,1
514,515,Black Narcissus,tt0039192,8.0,1
515,516,Before Sunset,tt0381681,8.0,1
516,517,Beauty and the Beast,tt0038348,8.0,1
517,518,Anvil: The Story of Anvil,tt1157605,8.0,1
518,519,Angels with Dirty Faces,tt0029870,8.0,1
519,520,Amarcord,tt0071129,8.0,1
520,521,Way Down East,tt0011841,7.9,1
521,522,Toy Story 2,tt0120363,7.9,1
522,523,The Wrestler,tt1125849,7.9,1
523,524,The Untouchables,tt0094226,7.9,1
524,525,The Unknown,tt0018528,7.9,1
525,526,The Thief of Bagdad,tt0015400,7.9,1
526,527,The Ten Commandments,tt0049833,7.9,1
527,528,The Story of the Last Chrysanthemum,tt0032156,7.9,1
528,529,The Right Stuff,tt0086197,7.9,1
529,530,The Quiet Man,tt0045061,7.9,1
530,531,The Outlaw Josey Wales,tt0075029,7.9,1
531,532,The Mortal Storm,tt0032811,7.9,1
532,533,The Marriage of Maria Braun,tt0079095,7.9,1
533,534,The Magnificent Ambersons,tt0035015,7.9,1
534,535,The Killing Fields,tt0087553,7.9,1
535,536,The Killers,tt0038669,7.9,1
536,537,The Killer,tt0097202,7.9,1
537,538,The Innocents,tt0055018,7.9,1
538,539,The Ghost and Mrs. Muir,tt0039420,7.9,1
539,540,The Ear,tt0066498,7.9,1
540,541,The Double Life of Veronique,tt0101765,7.9,1
541,542,The Breakfast Club,tt0088847,7.9,1
542,543,The Ballad of Narayama,tt0084390,7.9,1
543,544,The Bad and the Beautiful,tt0044391,7.9,1
544,545,The Awful Truth,tt0028597,7.9,1
545,546,The Asphalt Jungle,tt0042208,7.9,1
546,547,Tampopo,tt0092048,7.9,1
547,548,Smiles of a Summer Night,tt0048641,7.9,1
548,549,Queen Christina,tt0024481,7.9,1
549,550,Our Hospitality,tt0014341,7.9,1
550,551,Orphans of the Storm,tt0012532,7.9,1
551,552,Once,tt0907657,7.9,1
552,553,Nine Queens,tt0247586,7.9,1
553,554,My Left Foot,tt0097937,7.9,1
554,555,Murmur of the Heart,tt0067778,7.9,1
555,556,Mon Oncle,tt0050706,7.9,1
556,557,Mishima: A Life in Four Chapters,tt0089603,7.9,1
557,558,Miller's Crossing,tt0100150,7.9,1
558,559,Manila in the Claws of Light,tt0073363,7.9,1
559,560,Man of Marble,tt0075902,7.9,1
560,561,Live and Become,tt0388505,7.9,1
561,562,Little Miss Sunshine,tt0449059,7.9,1
562,563,Last Year at Marienbad,tt0054632,7.9,1
563,564,L'Eclisse,tt0056736,7.9,1
564,565,Hud,tt0057163,7.9,1
565,566,Hero,tt0299977,7.9,1
566,567,Hard Boiled,tt0104684,7.9,1
567,568,Greed,tt0015881,7.9,1
568,569,Glory,tt0097441,7.9,1
569,570,Gimme Shelter,tt0065780,7.9,1
570,571,Gaslight,tt0036855,7.9,1
571,572,Forbidden Games,tt0043686,7.9,1
572,573,Floating Weeds,tt0053390,7.9,1
573,574,Fireworks,tt0119250,7.9,1
574,575,Ferris Bueller's Day Off,tt0091042,7.9,1
575,576,Dr. Mabuse: The Gambler,tt0013086,7.9,1
576,577,Crash,tt0375679,7.9,1
577,578,Children of Men,tt0206634,7.9,1
578,579,Bus 174,tt0340468,7.9,1
579,580,Boyhood,tt1065073,7.9,1
580,581,Boogie Nights,tt0118749,7.9,1
581,582,Babette's Feast,tt0092603,7.9,1
582,583,Avatar,tt0499549,7.9,1
583,584,Ashes and Diamonds,tt0052080,7.9,1
584,585,Amour,tt1602620,7.9,1
585,586,All About My Mother,tt0185125,7.9,1
586,587,"A Time to Live, a Time to Die",tt0090185,7.9,1
587,588,A Prophet,tt1235166,7.9,1
588,589,Withnail & I,tt0094336,7.8,1
589,590,Willy Wonka & the Chocolate Factory,tt0067992,7.8,1
590,591,Wake in Fright,tt0067541,7.8,1
591,592,Vagabond,tt0089960,7.8,1
592,593,Un Chien Andalou,tt0020530,7.8,1
593,594,Top Hat,tt0027125,7.8,1
594,595,Through the Olive Trees,tt0111845,7.8,1
595,596,The White Balloon,tt0112445,7.8,1
596,597,The Verdict,tt0084855,7.8,1
597,598,The Vanishing,tt0096163,7.8,1
598,599,The Red and the White,tt0061537,7.8,1
599,600,The Purple Rose of Cairo,tt0089853,7.8,1
600,601,The Official Story,tt0089276,7.8,1
601,602,The Last of the Mohicans,tt0104691,7.8,1
602,603,The King of Comedy,tt0085794,7.8,1
603,604,The Hangover,tt1119646,7.8,1
604,605,The Goddess,tt0195256,7.8,1
605,606,The Girl with the Dragon Tattoo,tt1568346,7.8,1
606,607,The Devils,tt0066993,7.8,1
607,608,The Day the Earth Stood Still,tt0043456,7.8,1
608,609,The Curious Case of Benjamin Button,tt0421715,7.8,1
609,610,The Color Purple,tt0088939,7.8,1
610,611,The Blue Angel,tt0020697,7.8,1
611,612,The Bitter Tears of Petra von Kant,tt0068278,7.8,1
612,613,The Adventures of Prince Achmed,tt0015532,7.8,1
613,614,The 39 Steps,tt0026029,7.8,1
614,615,The 36th Chamber of Shaolin,tt0078243,7.8,1
615,616,Splendor in the Grass,tt0055471,7.8,1
616,617,Sons of the Desert,tt0024601,7.8,1
617,618,Soldier of Orange,tt0076734,7.8,1
618,619,Skyfall,tt1074638,7.8,1
619,620,Serpico,tt0070666,7.8,1
620,621,Sergeant York,tt0034167,7.8,1
621,622,Run Lola Run,tt0130827,7.8,1
622,623,Repulsion,tt0059646,7.8,1
623,624,Red River,tt0040724,7.8,1
624,625,Pickup on South Street,tt0046187,7.8,1
625,626,Pickpocket,tt0053168,7.8,1
626,627,Paisan,tt0038823,7.8,1
627,628,PŽpŽ le Moko,tt0029453,7.8,1
628,629,Ossessione,tt0035160,7.8,1
629,630,Open Your Eyes,tt0125659,7.8,1
630,631,Odd Man Out,tt0039677,7.8,1
631,632,"O Brother, Where Art Thou?",tt0190590,7.8,1
632,633,Nanook of the North,tt0013427,7.8,1
633,634,My Darling Clementine,tt0038762,7.8,1
634,635,Memories of Underdevelopment,tt0063291,7.8,1
635,636,Mary Poppins,tt0058331,7.8,1
636,637,Love Me Tonight,tt0023158,7.8,1
637,638,Le Jour se Leve,tt0031514,7.8,1
638,639,La belle noiseuse,tt0101428,7.8,1
639,640,Kramer vs. Kramer,tt0079417,7.8,1
640,641,Kes,tt0064541,7.8,1
641,642,Invasion of the Body Snatchers,tt0049366,7.8,1
642,643,How Green Was My Valley,tt0033729,7.8,1
643,644,Happiness,tt0147612,7.8,1
644,645,H™tel Terminus,tt0095341,7.8,1
645,646,Guess Who's Coming to Dinner,tt0061735,7.8,1
646,647,Gravity,tt1454468,7.8,1
647,648,Glengarry Glen Ross,tt0104348,7.8,1
648,649,Gilda,tt0038559,7.8,1
649,650,Ghostbusters,tt0087332,7.8,1
650,651,Fox and His Friends,tt0072976,7.8,1
651,652,Footlight Parade,tt0024028,7.8,1
652,653,Fantastic Planet,tt0070544,7.8,1
653,654,F for Fake,tt0072962,7.8,1
654,655,Eyes Without a Face,tt0053459,7.8,1
655,656,Evil Dead II,tt0092991,7.8,1
656,657,El Norte,tt0085482,7.8,1
657,658,Drive,tt0780504,7.8,1
658,659,Down by Law,tt0090967,7.8,1
659,660,Dirty Harry,tt0066999,7.8,1
660,661,Closely Watched Trains,tt0060802,7.8,1
661,662,Christ Stopped at Eboli,tt0079010,7.8,1
662,663,Celine and Julie Go Boating,tt0071381,7.8,1
663,664,Captain Blood,tt0026174,7.8,1
664,665,Cairo Station,tt0051390,7.8,1
665,666,Breakfast at Tiffany's,tt0054698,7.8,1
666,667,Boyz n the Hood,tt0101507,7.8,1
667,668,Bob le Flambeur,tt0047892,7.8,1
668,669,Blue Velvet,tt0090756,7.8,1
669,670,Blue Is the Warmest Color,tt2278871,7.8,1
670,671,Blazing Saddles,tt0071230,7.8,1
671,672,Birdman or (The Unexpected Virtue of Ignorance),tt2562232,7.8,1
672,673,Belle de Jour,tt0061395,7.8,1
673,674,Bad Day at Black Rock,tt0047849,7.8,1
674,675,Atonement,tt0783233,7.8,1
675,676,Apocalypto,tt0472043,7.8,1
676,677,All That Jazz,tt0078754,7.8,1
677,678,A Star Is Born,tt0047522,7.8,1
678,679,A Day in the Country,tt0028445,7.8,1
679,680,Scarface: The Shame of a Nation,tt0023427,7.8,1
680,681,Winchester '73,tt0043137,7.7,1
681,682,Who Framed Roger Rabbit,tt0096438,7.7,1
682,683,Where Eagles Dare,tt0065207,7.7,1
683,684,Walkabout,tt0067959,7.7,1
684,685,True Grit,tt1403865,7.7,1
685,686,The Wedding Banquet,tt0107156,7.7,1
686,687,The Theory of Everything,tt2980516,7.7,1
687,688,The Sweet Hereafter,tt0120255,7.7,1
688,689,The Story of a Cheat,tt0028201,7.7,1
689,690,The Social Network,tt1285016,7.7,1
690,691,The Snake Pit,tt0040806,7.7,1
691,692,The Public Enemy,tt0022286,7.7,1
692,693,The Phantom of the Opera,tt0016220,7.7,1
693,694,The Palm Beach Story,tt0035169,7.7,1
694,695,The Muppet Movie,tt0079588,7.7,1
695,696,The Long Goodbye,tt0070334,7.7,1
696,697,The Long Good Friday,tt0081070,7.7,1
697,698,The Lavender Hill Mob,tt0044829,7.7,1
698,699,The Last King of Scotland,tt0455590,7.7,1
699,700,The Lady from Shanghai,tt0040525,7.7,1
700,701,The Incredible Shrinking Man,tt0050539,7.7,1
701,702,The Great Beauty,tt2358891,7.7,1
702,703,The Golden Thread,tt0056537,7.7,1
703,704,The Firemen's Ball,tt0061781,7.7,1
704,705,The Docks of New York,tt0018839,7.7,1
705,706,The Defiant Ones,tt0051525,7.7,1
706,707,The Color of Pomegranates,tt0063555,7.7,1
707,708,The Blue Kite,tt0107358,7.7,1
708,709,The Birds,tt0056869,7.7,1
709,710,The Barbarian Invasions,tt0338135,7.7,1
710,711,Taste of Cherry,tt0120265,7.7,1
711,712,Sophie's Choice,tt0084707,7.7,1
712,713,Short Cuts,tt0108122,7.7,1
713,714,Shine,tt0117631,7.7,1
714,715,Senso,tt0047469,7.7,1
715,716,Seconds,tt0060955,7.7,1
716,717,Saturday Night and Sunday Morning,tt0054269,7.7,1
717,718,Red Desert,tt0058003,7.7,1
718,719,Philadelphia,tt0107818,7.7,1
719,720,Passenger,tt0054159,7.7,1
720,721,Only Angels Have Wings,tt0031762,7.7,1
721,722,Nebraska,tt1821549,7.7,1
722,723,MoolaadŽ,tt0416991,7.7,1
723,724,Meet Me in St. Louis,tt0037059,7.7,1
724,725,McCabe & Mrs. Miller,tt0067411,7.7,1
725,726,Masculin FŽminin,tt0060675,7.7,1
726,727,Marty,tt0048356,7.7,1
727,728,Lolita,tt0056193,7.7,1
728,729,Lola,tt0082671,7.7,1
729,730,Little Big Man,tt0065988,7.7,1
730,731,La Chienne,tt0021739,7.7,1
731,732,Kiss Me Deadly,tt0048261,7.7,1
732,733,Juliet of the Spirits,tt0059229,7.7,1
733,734,Johnny Guitar,tt0047136,7.7,1
734,735,"Ivan the Terrible, Part II",tt0051790,7.7,1
735,736,In the Year of the Pig,tt0064482,7.7,1
736,737,If....,tt0063850,7.7,1
737,738,Hour of the Wolf,tt0063759,7.7,1
738,739,High School,tt0064429,7.7,1
739,740,Happy Together,tt0118845,7.7,1
740,741,HŠxan: Witchcraft Through the Ages,tt0013257,7.7,1
741,742,Gun Crazy,tt0042530,7.7,1
742,743,Good Bye Lenin!,tt0301357,7.7,1
743,744,Forbidden Planet,tt0049223,7.7,1
744,745,Faces,tt0062952,7.7,1
745,746,Europa Europa,tt0099776,7.7,1
746,747,Enter the Dragon,tt0070034,7.7,1
747,748,Distant,tt0346094,7.7,1
748,749,Destry Rides Again,tt0031225,7.7,1
749,750,Delicatessen,tt0101700,7.7,1
750,751,Dead of Night,tt0037635,7.7,1
751,752,Dead Man,tt0112817,7.7,1
752,753,Dazed and Confused,tt0106677,7.7,1
753,754,Dangerous Liaisons,tt0094947,7.7,1
754,755,Center Stage,tt0102816,7.7,1
755,756,Brokeback Mountain,tt0388795,7.7,1
756,757,Breaking Away,tt0078902,7.7,1
757,758,Blow-Up,tt0060176,7.7,1
758,759,Argo,tt1024648,7.7,1
759,760,A Very Long Engagement,tt0344510,7.7,1
760,761,A Hard Day's Night,tt0058182,7.7,1
761,762,'I Know Where I'm Going!',tt0037800,7.7,1
762,763,Ë Nous la LibertŽ,tt0022599,7.7,1
763,764,1900,tt0074084,7.7,1
764,765,42nd Street,tt0024034,7.7,1
765,766,Women on the Verge of a Nervous Breakdown,tt0095675,7.6,1
766,767,Wild Reeds,tt0111019,7.6,1
767,768,Wadjda,tt2258858,7.6,1
768,769,Volver,tt0441909,7.6,1
769,770,United 93,tt0475276,7.6,1
770,771,Tristana,tt0066491,7.6,1
771,772,Traffic,tt0181865,7.6,1
772,773,The Young One,tt0053967,7.6,1
773,774,The Young Girls of Rochefort,tt0062873,7.6,1
774,775,The Wind Will Carry Us,tt0209463,7.6,1
775,776,The Wheel,tt0014417,7.6,1
776,777,The Tin Drum,tt0078875,7.6,1
777,778,The Royal Tenenbaums,tt0265666,7.6,1
778,779,The Player,tt0105151,7.6,1
779,780,The Piano,tt0107822,7.6,1
780,781,The Naked Gun: From the Files of Police Squad!,tt0095705,7.6,1
781,782,The Kid Brother,tt0018051,7.6,1
782,783,The Jungle Book,tt0061852,7.6,1
783,784,The Hurt Locker,tt0887912,7.6,1
784,785,The Gleaners & I,tt0247380,7.6,1
785,786,The Garden of the Finzi-Continis,tt0065777,7.6,1
786,787,"The Cook, the Thief, His Wife & Her Lover",tt0097108,7.6,1
787,788,The Consequences of Love,tt0398883,7.6,1
788,789,The Band Wagon,tt0045537,7.6,1
789,790,The Baker's Wife,tt0030127,7.6,1
790,791,Tabu: A Story of the South Seas,tt0022458,7.6,1
791,792,Summer with Monika,tt0046345,7.6,1
792,793,Strike,tt0015361,7.6,1
793,794,Stranger Than Paradise,tt0088184,7.6,1
794,795,Story of Women,tt0096336,7.6,1
795,796,Spring in a Small Town,tt0189219,7.6,1
796,797,Spellbound,tt0038109,7.6,1
797,798,Shoot the Pianist,tt0054389,7.6,1
798,799,Picnic at Hanging Rock,tt0073540,7.6,1
799,800,On the Town,tt0041716,7.6,1
800,801,Nostalgia for the Light,tt1556190,7.6,1
801,802,Nosferatu the Vampyre,tt0079641,7.6,1
802,803,"Murder, My Sweet",tt0037101,7.6,1
803,804,Mrs. Miniver,tt0035093,7.6,1
804,805,Moulin Rouge!,tt0203009,7.6,1
805,806,Mother and Son,tt0119711,7.6,1
806,807,Monsieur Hulot's Holiday,tt0046487,7.6,1
807,808,Man of Iron,tt0082222,7.6,1
808,809,Man Bites Dog,tt0103905,7.6,1
809,810,Lone Star,tt0116905,7.6,1
810,811,Leviathan,tt2802154,7.6,1
811,812,Les Mis_©rables,tt1707386,7.6,1
812,813,Le Million,tt0022150,7.6,1
813,814,Le Boucher,tt0064106,7.6,1
814,815,Land Without Bread,tt0023037,7.6,1
815,816,La Vie en Rose,tt0450188,7.6,1
816,817,La CŽrŽmonie,tt0112769,7.6,1
817,818,"Ivan the Terrible, Part I",tt0037824,7.6,1
818,819,High Sierra,tt0033717,7.6,1
819,820,High Plains Drifter,tt0068699,7.6,1
820,821,Funny Games,tt0119167,7.6,1
821,822,Europe '51,tt0043511,7.6,1
822,823,Collateral,tt0369339,7.6,1
823,824,Chronicle of a Summer,tt0054745,7.6,1
824,825,Camille,tt0028683,7.6,1
825,826,Broken Blossoms,tt0009968,7.6,1
826,827,Bigger Than Life,tt0049010,7.6,1
827,828,Batman,tt0096895,7.6,1
828,829,Barren Lives,tt0057654,7.6,1
829,830,Ariel,tt0094675,7.6,1
830,831,An American Werewolf in London,tt0082010,7.6,1
831,832,An Actor's Revenge,tt0057710,7.6,1
832,833,Adam's Rib,tt0041090,7.6,1
833,834,A Touch of Zen,tt0064451,7.6,1
834,835,A Tale of Winter,tt0104008,7.6,1
835,836,A Fish Called Wanda,tt0095159,7.6,1
836,837,A Chinese Ghost Story,tt0093978,7.6,1
837,838,Zero for Conduct,tt0024803,7.5,1
838,839,Written on the Wind,tt0049966,7.5,1
839,840,Viy,tt0062453,7.5,1
840,841,Trust,tt0103130,7.5,1
841,842,Triumph of the Will,tt0025913,7.5,1
842,843,Total Recall,tt0100802,7.5,1
843,844,Thirty Two Short Films About Glenn Gould,tt0108328,7.5,1
844,845,The Wrong Man,tt0051207,7.5,1
845,846,The Unbelievable Truth,tt0100842,7.5,1
846,847,The Night of the Shooting Stars,tt0084422,7.5,1
847,848,The Natural,tt0087781,7.5,1
848,849,The Naked Spur,tt0044953,7.5,1
849,850,The Man with the Golden Arm,tt0048347,7.5,1
850,851,The Man Who Knew Too Much,tt0049470,7.5,1
851,852,The Last Metro,tt0080610,7.5,1
852,853,The Killing of a Chinese Bookie,tt0074749,7.5,1
853,854,The Ice Storm,tt0119349,7.5,1
854,855,The Fly,tt0091064,7.5,1
855,856,The Eagle,tt0015772,7.5,1
856,857,The Constant Gardener,tt0387131,7.5,1
857,858,The Class,tt1068646,7.5,1
858,859,The Aviator,tt0338751,7.5,1
859,860,"The Adventures of Priscilla, Queen of the Desert",tt0109045,7.5,1
860,861,Suspiria,tt0076786,7.5,1
861,862,Straw Dogs,tt0067800,7.5,1
862,863,Stella Dallas,tt0029608,7.5,1
863,864,Some Came Running,tt0052218,7.5,1
864,865,Snow White,tt1854513,7.5,1
865,866,Shock Corridor,tt0057495,7.5,1
866,867,Sherman's March,tt0091943,7.5,1
867,868,Shanghai Express,tt0023458,7.5,1
868,869,Salvador,tt0091886,7.5,1
869,870,Salt of the Earth,tt0047443,7.5,1
870,871,Rosetta,tt0200071,7.5,1
871,872,Roger & Me,tt0098213,7.5,1
872,873,RoboCop,tt0093870,7.5,1
873,874,Reds,tt0082979,7.5,1
874,875,Red Sorghum,tt0093206,7.5,1
875,876,Rabbit-Proof Fence,tt0252444,7.5,1
876,877,Pinocchio,tt0032910,7.5,1
877,878,Pi,tt0138704,7.5,1
878,879,Peking Opera Blues,tt0090952,7.5,1
879,880,Paradise Now,tt0445620,7.5,1
880,881,October (Ten Days that Shook the World),tt0018217,7.5,1
881,882,Local Hero,tt0085859,7.5,1
882,883,L'argent,tt0085180,7.5,1
883,884,L'Age d'Or,tt0021577,7.5,1
884,885,Jacob's Ladder,tt0099871,7.5,1
885,886,It's a Gift,tt0025318,7.5,1
886,887,In the Loop,tt1226774,7.5,1
887,888,Hugo,tt0970179,7.5,1
888,889,Gunga Din,tt0031398,7.5,1
889,890,Gangs of New York,tt0217505,7.5,1
890,891,Gallipoli,tt0082432,7.5,1
891,892,Frenzy,tt0068611,7.5,1
892,893,Five Easy Pieces,tt0065724,7.5,1
893,894,Fat City,tt0068575,7.5,1
894,895,Fahrenheit 9/11,tt0361596,7.5,1
895,896,Entranced Earth,tt0062352,7.5,1
896,897,El Topo,tt0067866,7.5,1
897,898,Earth,tt0021571,7.5,1
898,899,Detour,tt0037638,7.5,1
899,900,Death in Venice,tt0067445,7.5,1
900,901,Daisies,tt0060959,7.5,1
901,902,Bullitt,tt0062765,7.5,1
902,903,Buffalo '66,tt0118789,7.5,1
903,904,Bring Me the Head of Alfredo Garcia,tt0071249,7.5,1
904,905,Bram Stoker's Dracula,tt0103874,7.5,1
905,906,Boudu Saved from Drowning,tt0022718,7.5,1
906,907,Black Orpheus,tt0053146,7.5,1
907,908,Babel,tt0449467,7.5,1
908,909,Ali Zaoua: Prince of the Streets,tt0260688,7.5,1
909,910,A Nightmare on Elm Street,tt0087800,7.5,1
910,911,Zero Kelvin,tt0113557,7.4,1
911,912,Witness,tt0090329,7.4,1
912,913,Weekend,tt0062480,7.4,1
913,914,Wall Street,tt0094291,7.4,1
914,915,Three Brothers,tt0083226,7.4,1
915,916,The Wolf Man,tt0034398,7.4,1
916,917,The Stranger,tt0038991,7.4,1
917,918,The Son's Room,tt0208990,7.4,1
918,919,The Rocky Horror Picture Show,tt0073629,7.4,1
919,920,The Piano Teacher,tt0254686,7.4,1
920,921,The Phenix City Story,tt0048488,7.4,1
921,922,The Man from Laramie,tt0048342,7.4,1
922,923,The Kid with a Bike,tt1827512,7.4,1
923,924,The English Patient,tt0116209,7.4,1
924,925,The Decline of the American Empire,tt0090985,7.4,1
925,926,The Dead,tt0092843,7.4,1
926,927,The Chant of Jimmie Blacksmith,tt0077318,7.4,1
927,928,The Bank Dick,tt0032234,7.4,1
928,929,The American Friend,tt0075675,7.4,1
929,930,Targets,tt0063671,7.4,1
930,931,Smoke,tt0114478,7.4,1
931,932,Seven Brides for Seven Brothers,tt0047472,7.4,1
932,933,Russian Ark,tt0318034,7.4,1
933,934,Raising Arizona,tt0093822,7.4,1
934,935,Poltergeist,tt0084516,7.4,1
935,936,Pat Garrett & Billy the Kid,tt0070518,7.4,1
936,937,Osama,tt0368913,7.4,1
937,938,Once Upon a Time in China,tt0103285,7.4,1
938,939,Napoleon,tt0018192,7.4,1
939,940,My Brilliant Career,tt0079596,7.4,1
940,941,Monsoon Wedding,tt0265343,7.4,1
941,942,Mean Streets,tt0070379,7.4,1
942,943,Lola Monts,tt0048308,7.4,1
943,944,Lincoln,tt0443272,7.4,1
944,945,Limite,tt0022080,7.4,1
945,946,Lantana,tt0259393,7.4,1
946,947,Kiss of the Spider Woman,tt0089424,7.4,1
947,948,Killer of Sheep,tt0076263,7.4,1
948,949,Irreversible,tt0290673,7.4,1
949,950,Inside Llewyn Davis,tt2042568,7.4,1
950,951,Ida,tt2718492,7.4,1
951,952,Horror of Dracula,tt0051554,7.4,1
952,953,Hombre,tt0061770,7.4,1
953,954,Heavenly Creatures,tt0110005,7.4,1
954,955,Force of Evil,tt0040366,7.4,1
955,956,Far from Heaven,tt0297884,7.4,1
956,957,Eraserhead,tt0074486,7.4,1
957,958,Drugstore Cowboy,tt0097240,7.4,1
958,959,Deconstructing Harry,tt0118954,7.4,1
959,960,Cyclo,tt0112767,7.4,1
960,961,Cave of Forgotten Dreams,tt1664894,7.4,1
961,962,Cat People,tt0034587,7.4,1
962,963,Body Heat,tt0082089,7.4,1
963,964,"Black God, White Devil",tt0058006,7.4,1
964,965,Atlantic City,tt0080388,7.4,1
965,966,A Passage to India,tt0087892,7.4,1
966,967,Whisky Galore,tt0042040,7.3,1
967,968,What Time Is It There?,tt0269746,7.3,1
968,969,Videodrome,tt0086541,7.3,1
969,970,Two-Lane Blacktop,tt0067893,7.3,1
970,971,Tsotsi,tt0468565,7.3,1
971,972,The Reckless Moment,tt0041786,7.3,1
972,973,The Queen,tt0436697,7.3,1
973,974,The Life of Emile Zola,tt0029146,7.3,1
974,975,The Housemaid,tt0150980,7.3,1
975,976,The Great Train Robbery,tt0000439,7.3,1
976,977,"The Good, the Bad, the Weird",tt0901487,7.3,1
977,978,The Draughtsman's Contract,tt0083851,7.3,1
978,979,The Descendants,tt1033575,7.3,1
979,980,The Crying Game,tt0104036,7.3,1
980,981,The 4th Man,tt0086543,7.3,1
981,982,Surfwise,tt0479547,7.3,1
982,983,Storm Over Asia,tt0019286,7.3,1
983,984,Sleeper,tt0070707,7.3,1
984,985,Ride Lonesome,tt0053220,7.3,1
985,986,Reversal of Fortune,tt0100486,7.3,1
986,987,Precious,tt0929632,7.3,1
987,988,Peter Ibbetson,tt0026866,7.3,1
988,989,Natural Born Killers,tt0110632,7.3,1
989,990,Luc’a,tt0064609,7.3,1
990,991,Little Caesar,tt0021079,7.3,1
991,992,Housekeeping,tt0093225,7.3,1
992,993,Histoire(s) du cinŽma: Une histoire seule,tt0179216,7.3,1
993,994,Henry V,tt0036910,7.3,1
994,995,Guys and Dolls,tt0048140,7.3,1
995,996,"Good Morning, Vietnam",tt0093105,7.3,1
996,997,Gentlemen Prefer Blondes,tt0045810,7.3,1
997,998,Four Lions,tt1341167,7.3,1
998,999,Foolish Wives,tt0013140,7.3,1
999,1000,Fish Tank,tt1232776,7.3,1
1000,1001,"Fast, Cheap & Out of Control",tt0119107,7.3,1
1001,1002,Eyes Wide Shut,tt0120663,7.3,1
1002,1003,Election,tt0126886,7.3,1
1003,1004,Dumbo,tt0033563,7.3,1
1004,1005,Drowning by Numbers,tt0092929,7.3,1
1005,1006,Diva,tt0082269,7.3,1
1006,1007,Deep End,tt0066122,7.3,1
1007,1008,Dead Ringers,tt0094964,7.3,1
1008,1009,Caro diario,tt0109382,7.3,1
1009,1010,Black Sunday,tt0054067,7.3,1
1010,1011,Big,tt0094737,7.3,1
1011,1012,Beverly Hills Cop,tt0086960,7.3,1
1012,1013,Before the Revolution,tt0056371,7.3,1
1013,1014,Beau Travail,tt0209933,7.3,1
1014,1015,Angel Face,tt0044357,7.3,1
1015,1016,An Education,tt1174732,7.3,1
1016,1017,American Hustle,tt1800241,7.3,1
1017,1018,A Tale of the Wind,tt0096337,7.3,1
1018,1019,War Horse,tt1568911,7.2,1
1019,1020,Turkish Delight,tt0070842,7.2,1
1020,1021,Three Lives and Only One Death,tt0117968,7.2,1
1021,1022,The Last Wave,tt0076299,7.2,1
1022,1023,The Horse Thief,tt0090907,7.2,1
1023,1024,The Golden Coach,tt0044487,7.2,1
1024,1025,The Butcher Boy,tt0118804,7.2,1
1025,1026,The Black Cat,tt0024894,7.2,1
1026,1027,The Bird with the Crystal Plumage,tt0065143,7.2,1
1027,1028,The Big Red One,tt0080437,7.2,1
1028,1029,The Big Chill,tt0085244,7.2,1
1029,1030,The Age of Innocence,tt0106226,7.2,1
1030,1031,Team America: World Police,tt0372588,7.2,1
1031,1032,Strictly Ballroom,tt0105488,7.2,1
1032,1033,Strange Days,tt0114558,7.2,1
1033,1034,Starship Troopers,tt0120201,7.2,1
1034,1035,Shakespeare in Love,tt0138097,7.2,1
1035,1036,"Sex, Lies, and Videotape",tt0098724,7.2,1
1036,1037,Scream,tt0117571,7.2,1
1037,1038,Rio Grande,tt0042895,7.2,1
1038,1039,Real Life,tt0079781,7.2,1
1039,1040,Project A 2,tt0092501,7.2,1
1040,1041,Out of Africa,tt0089755,7.2,1
1041,1042,One-Eyed Jacks,tt0055257,7.2,1
1042,1043,Oklahoma!,tt0048445,7.2,1
1043,1044,Of Gods and Men,tt1588337,7.2,1
1044,1045,Muriel's Wedding,tt0110598,7.2,1
1045,1046,Marnie,tt0058329,7.2,1
1046,1047,Manhunter,tt0091474,7.2,1
1047,1048,Man of the West,tt0051899,7.2,1
1048,1049,Le Havre,tt1508675,7.2,1
1049,1050,Last Tango in Paris,tt0070849,7.2,1
1050,1051,Klute,tt0067309,7.2,1
1051,1052,I Walked with a Zombie,tt0036027,7.2,1
1052,1053,Gunfight at the O.K. Corral,tt0050468,7.2,1
1053,1054,Grease,tt0077631,7.2,1
1054,1055,Five Deadly Venoms,tt0077559,7.2,1
1055,1056,Fast Times at Ridgemont High,tt0083929,7.2,1
1056,1057,Elephant,tt0363589,7.2,1
1057,1058,Diner,tt0083833,7.2,1
1058,1059,Children of a Lesser God,tt0090830,7.2,1
1059,1060,Chicago,tt0299658,7.2,1
1060,1061,Chariots of Fire,tt0082158,7.2,1
1061,1062,Brightness,tt0094349,7.2,1
1062,1063,Animal Farm,tt0047834,7.2,1
1063,1064,Aileen: Life and Death of a Serial Killer,tt0364930,7.2,1
1064,1065,A Touch of Sin,tt2852400,7.2,1
1065,1066,Zabriskie Point,tt0066601,7.1,1
1066,1067,Utu,tt0086497,7.1,1
1067,1068,Tinker Tailor Soldier Spy,tt1340800,7.1,1
1068,1069,Three Kings,tt0120188,7.1,1
1069,1070,The Spider's Stratagem,tt0066413,7.1,1
1070,1071,The Passion of the Christ,tt0335345,7.1,1
1071,1072,The Masque of the Red Death,tt0058333,7.1,1
1072,1073,The Man Who Had His Hair Cut Short,tt0129222,7.1,1
1073,1074,The Last Seduction,tt0110308,7.1,1
1074,1075,The Hired Hand,tt0067204,7.1,1
1075,1076,The Harder They Come,tt0070155,7.1,1
1076,1077,The Bitter Tea of General Yen,tt0023814,7.1,1
1077,1078,The Big Sky,tt0044419,7.1,1
1078,1079,The Barefoot Contessa,tt0046754,7.1,1
1079,1080,The Asthenic Syndrome,tt0096841,7.1,1
1080,1081,Slacker,tt0102943,7.1,1
1081,1082,Silver Lode,tt0047495,7.1,1
1082,1083,Safe,tt0114323,7.1,1
1083,1084,Sabotage,tt0028212,7.1,1
1084,1085,Pandora and the Flying Dutchman,tt0043899,7.1,1
1085,1086,Naked Lunch,tt0102511,7.1,1
1086,1087,My Own Private Idaho,tt0102494,7.1,1
1087,1088,Gabbeh,tt0116384,7.1,1
1088,1089,Four Weddings and a Funeral,tt0109831,7.1,1
1089,1090,Daybreak,tt0347457,7.1,1
1090,1091,Bull Durham,tt0094812,7.1,1
1091,1092,Attack the Gas Station!,tt0262246,7.1,1
1092,1093,A.I. Artificial Intelligence,tt0212720,7.1,1
1093,1094,Wanda,tt0067961,7.0,1
1094,1095,Up in Smoke,tt0078446,7.0,1
1095,1096,Two or Three Things I Know About Her...,tt0060304,7.0,1
1096,1097,The Paleface,tt0040679,7.0,1
1097,1098,The Mad Masters,tt0048363,7.0,1
1098,1099,The Host,tt0468492,7.0,1
1099,1100,The Heartbreak Kid,tt0068687,7.0,1
1100,1101,The Exiles,tt0054861,7.0,1
1101,1102,The Cabin in the Woods,tt1259521,7.0,1
1102,1103,"Tetsuo, the Iron Man",tt0096251,7.0,1
1103,1104,Scorpio Rising,tt0058555,7.0,1
1104,1105,San Pietro,tt0036630,7.0,1
1105,1106,Red Psalm,tt0067467,7.0,1
1106,1107,Performance,tt0066214,7.0,1
1107,1108,Meet the Parents,tt0212338,7.0,1
1108,1109,Mad Max,tt0079501,7.0,1
1109,1110,Louisiana Story,tt0040550,7.0,1
1110,1111,Kundun,tt0119485,7.0,1
1111,1112,King of New York,tt0099939,7.0,1
1112,1113,High Society,tt0049314,7.0,1
1113,1114,Henry: Portrait of a Serial Killer,tt0099763,7.0,1
1114,1115,Gomorrah,tt0929425,7.0,1
1115,1116,Come Drink with Me,tt0059079,7.0,1
1116,1117,Ceddo,tt0077309,7.0,1
1117,1118,Blackmail,tt0019702,7.0,1
1118,1119,Aileen Wuornos: The Selling of a Serial Killer,tt0103634,7.0,1
1119,1120,WR: Mysteries of the Organism,tt0067958,6.9,1
1120,1121,Top Gun,tt0092099,6.9,1
1121,1122,The Towering Inferno,tt0072308,6.9,1
1122,1123,The Seventh Victim,tt0036341,6.9,1
1123,1124,The Idiots,tt0154421,6.9,1
1124,1125,The Cool World,tt0056952,6.9,1
1125,1126,Secret Beyond the Door...,tt0040766,6.9,1
1126,1127,Pretty Woman,tt0100405,6.9,1
1127,1128,"No Fear, No Die",tt0100536,6.9,1
1128,1129,Marcel Proust's Time Regained,tt0189142,6.9,1
1129,1130,Le Dernier Combat (The Last Battle),tt0085426,6.9,1
1130,1131,Independence Day,tt0116629,6.9,1
1131,1132,Gohatto,tt0213682,6.9,1
1132,1133,Gigi,tt0051658,6.9,1
1133,1134,Fatal Attraction,tt0093010,6.9,1
1134,1135,Carmen Jones,tt0046828,6.9,1
1135,1136,Things to Come,tt0028358,6.8,1
1136,1137,The Smiling Madame Beudet,tt0013626,6.8,1
1137,1138,The Quiet Earth,tt0089869,6.8,1
1138,1139,The Man in Grey,tt0036135,6.8,1
1139,1140,The Fabulous Baker Boys,tt0097322,6.8,1
1140,1141,The Bigamist,tt0045557,6.8,1
1141,1142,The Accidental Tourist,tt0094606,6.8,1
1142,1143,Saturday Night Fever,tt0076666,6.8,1
1143,1144,Romper Stomper,tt0105275,6.8,1
1144,1145,Prizzi's Honor,tt0089841,6.8,1
1145,1146,Me and My Gal,tt0023202,6.8,1
1146,1147,Loulou,tt0081076,6.8,1
1147,1148,Kandahar,tt0283431,6.8,1
1148,1149,"Faster, Pussycat! Kill! Kill!",tt0059170,6.8,1
1149,1150,Bridesmaids,tt1478338,6.8,1
1150,1151,Babe,tt0112431,6.8,1
1151,1152,Archangel,tt0099053,6.8,1
1152,1153,The Tree of Life,tt0478304,6.7,1
1153,1154,The Pillow Book,tt0114134,6.7,1
1154,1155,The Nutty Professor,tt0057372,6.7,1
1155,1156,The Man Who Fell to Earth,tt0074851,6.7,1
1156,1157,Signs,tt0286106,6.7,1
1157,1158,Last Chants for a Slow Dance,tt0076293,6.7,1
1158,1159,Fires Were Started,tt0035881,6.7,1
1159,1160,David Holzman's Diary,tt0062864,6.7,1
1160,1161,Caravaggio,tt0090798,6.7,1
1161,1162,Artists and Models,tt0047840,6.7,1
1162,1163,A Throw of Dice,tt0020286,6.7,1
1163,1164,A Question of Silence,tt0086369,6.7,1
1164,1165,Sleeping Dogs,tt0076725,6.6,1
1165,1166,Shaft,tt0067741,6.6,1
1166,1167,Satyricon,tt0166788,6.6,1
1167,1168,Report,tt0130976,6.6,1
1168,1169,In the Realm of the Senses,tt0074102,6.6,1
1169,1170,Dog Star Man: Part I,tt0058025,6.6,1
1170,1171,"Dance, Girl, Dance",tt0032376,6.6,1
1171,1172,Beat the Devil,tt0046414,6.6,1
1172,1173,Babes in Arms,tt0031066,6.6,1
1173,1174,Alice,tt0099012,6.6,1
1174,1175,Tongues Untied,tt0103099,6.5,1
1175,1176,The Ladies Man,tt0055069,6.5,1
1176,1177,Super Fly,tt0069332,6.5,1
1177,1178,Song at Midnight,tt0206442,6.5,1
1178,1179,She's Gotta Have It,tt0091939,6.5,1
1179,1180,She Done Him Wrong,tt0024548,6.5,1
1180,1181,MŽditerranŽe,tt0197719,6.5,1
1181,1182,Judge Priest,tt0025335,6.5,1
1182,1183,Fat Girl,tt0243255,6.5,1
1183,1184,Dark Star,tt0069945,6.5,1
1184,1185,Candyman,tt0103919,6.5,1
1185,1186,The Rapture,tt0102757,6.4,1
1186,1187,The Hills Have Eyes,tt0077681,6.4,1
1187,1188,Sombre,tt0166808,6.4,1
1188,1189,Monsters,tt1470827,6.4,1
1189,1190,Mondo cane,tt0057318,6.4,1
1190,1191,Kippur,tt0218379,6.4,1
1191,1192,India Song,tt0073166,6.4,1
1192,1193,Within Our Gates,tt0011870,6.3,1
1193,1194,Under the Skin,tt1441395,6.3,1
1194,1195,Paranormal Activity,tt1179904,6.3,1
1195,1196,Too Early/Too Late,tt0083230,6.1,1
1196,1197,Pink Flamingos,tt0069089,6.1,1
1197,1198,Hill 24 Doesn't Answer,tt0048121,6.1,1
1198,1199,Deseret,tt0131356,6.1,1
1199,1200,"Sal˜, or the 120 Days of Sodom",tt0073650,6.0,1
1200,1201,The Captive,tt0216605,5.9,1
1201,1202,Wavelength,tt0127354,5.8,1
1202,1203,Hold Me While I'm Naked,tt0060511,5.8,1
1203,1204,Heaven and Earth Magic,tt0056060,5.7,1
1204,1205,Puppetmaster,tt0098143,5.6,1
1205,1206,Sweet Sweetback's Baadasssss Song,tt0067810,5.5,1
1206,1207,Flaming Creatures,tt0054880,5.1,1
1207,1208,Vinyl,tt0059880,5.0,1
1208,1209,Blonde Cobra,tt0138329,3.2,1
